-- phpMyAdmin SQL Dump
-- version 5.2.1
-- https://www.phpmyadmin.net/
--
-- Host: localhost:3306
-- Generation Time: Feb 14, 2024 at 06:40 AM
-- Server version: 10.3.38-MariaDB-cll-lve
-- PHP Version: 8.1.16

SET SQL_MODE = "NO_AUTO_VALUE_ON_ZERO";
START TRANSACTION;
SET time_zone = "+00:00";


/*!40101 SET @OLD_CHARACTER_SET_CLIENT=@@CHARACTER_SET_CLIENT */;
/*!40101 SET @OLD_CHARACTER_SET_RESULTS=@@CHARACTER_SET_RESULTS */;
/*!40101 SET @OLD_COLLATION_CONNECTION=@@COLLATION_CONNECTION */;
/*!40101 SET NAMES utf8mb4 */;

--
-- Database: `codewithx_laundry_management`
--

-- --------------------------------------------------------

--
-- Table structure for table `category`
--

CREATE TABLE `category` (
  `id` int(11) NOT NULL,
  `name` varchar(300) NOT NULL,
  `type` int(1) NOT NULL COMMENT '0 - kg, 1 - pieces',
  `price_per_unit` double NOT NULL
) ENGINE=InnoDB DEFAULT CHARSET=latin1 COLLATE=latin1_swedish_ci;

--
-- Dumping data for table `category`
--

INSERT INTO `category` (`id`, `name`, `type`, `price_per_unit`) VALUES
(1, 'Dry Wash updated', 1, 58),
(2, 'Wash and Dry type 1', 0, 500),
(3, 'type 1 Wash', 1, 50.5),
(4, 'type23 new', 1, 640.36),
(5, 'type67 newOne', 0, 780.63),
(6, 'wash 1234', 0, 123489),
(7, 'test', 0, 500);

-- --------------------------------------------------------

--
-- Table structure for table `customer`
--

CREATE TABLE `customer` (
  `id` int(11) NOT NULL,
  `name` varchar(100) NOT NULL,
  `address` varchar(300) DEFAULT NULL,
  `mobile` varchar(100) NOT NULL
) ENGINE=InnoDB DEFAULT CHARSET=latin1 COLLATE=latin1_swedish_ci;

--
-- Dumping data for table `customer`
--

INSERT INTO `customer` (`id`, `name`, `address`, `mobile`) VALUES
(1, 'Bhanuka Uyanage...', 'Saman,Kathaluwa', '0775964727'),
(4, 'Bhanuka', 'Saman,Kathaluwa,Ahangama', '0775964728'),
(6, 'gayan', 'galle', '0775978728'),
(7, 'hansi malshi', 'galle', '0775876699'),
(8, 'dilka', 'Mahajana mawatha,', '0713484679'),
(9, 'tharu', 'matara', '0726758965'),
(10, 'Janani nawo', 'Colombo', '0778965749'),
(12, 'Bhanuka uuuuu', 'galle,matara', '0775964725'),
(13, 'Chamari Jayasooriya', '', ''),
(17, 'Saman', '', '1234567890'),
(23, 'saman', 'Colombo', '0789654782'),
(25, 'Chamari Jayasooriya', '', '0775961234'),
(26, 'Cypher Sprinters_RH', '', '0762206760'),
(27, 'Chamari Athapattu Gamage', 'matara', '0771231234'),
(28, 'deshani', 'we', '0712345678'),
(29, 'chamod ', 'galle', '0914926978');

-- --------------------------------------------------------

--
-- Table structure for table `order_details`
--

CREATE TABLE `order_details` (
  `id` int(11) NOT NULL,
  `category_id` int(11) NOT NULL,
  `price_per_unit` double NOT NULL,
  `qty` double NOT NULL,
  `total` double NOT NULL,
  `order_main_id` int(11) NOT NULL
) ENGINE=InnoDB DEFAULT CHARSET=latin1 COLLATE=latin1_swedish_ci;

--
-- Dumping data for table `order_details`
--

INSERT INTO `order_details` (`id`, `category_id`, `price_per_unit`, `qty`, `total`, `order_main_id`) VALUES
(13, 1, 300, 1, 300, 14),
(14, 1, 300, 1, 300, 14),
(15, 1, 300, 1, 300, 15),
(16, 1, 300, 1, 300, 15),
(17, 1, 300, 1, 300, 16),
(18, 1, 300, 1, 300, 16),
(19, 1, 300, 1, 300, 17),
(20, 1, 300, 1, 300, 17),
(21, 1, 300, 1, 300, 18),
(22, 1, 300, 1, 300, 18),
(23, 1, 300, 1, 300, 19),
(24, 2, 300, 1, 300, 19),
(25, 1, 300, 1, 300, 20),
(26, 2, 300, 1, 300, 20),
(27, 1, 300, 1, 300, 21),
(28, 2, 300, 1, 300, 21),
(29, 1, 300, 1, 300, 22),
(30, 2, 300, 1, 300, 22),
(31, 1, 300, 1, 300, 24),
(32, 2, 300, 1, 300, 24),
(33, 1, 300, 1, 300, 25),
(34, 2, 300, 1, 300, 25),
(35, 1, 300, 1, 300, 26),
(36, 2, 300, 1, 300, 26),
(37, 1, 300, 1, 300, 27),
(38, 2, 300, 1, 300, 27),
(39, 1, 300, 1, 300, 28),
(40, 2, 300, 1, 300, 28),
(41, 1, 300, 1, 300, 29),
(42, 2, 300, 1, 300, 29),
(43, 1, 300, 1, 300, 30),
(44, 2, 300, 1, 300, 30),
(45, 1, 300, 1, 300, 31),
(46, 2, 300, 1, 300, 31),
(47, 1, 300, 1, 300, 32),
(48, 2, 300, 1, 300, 32),
(49, 1, 300, 1, 300, 33),
(50, 2, 300, 1, 300, 33),
(51, 1, 300, 1, 300, 34),
(52, 2, 300, 1, 300, 34),
(53, 1, 300, 1, 300, 35),
(54, 2, 300, 1, 300, 35),
(55, 1, 300, 1, 300, 36),
(56, 2, 300, 1, 300, 36),
(57, 1, 300, 1, 300, 37),
(58, 2, 300, 1, 300, 37),
(59, 1, 300, 1, 300, 38),
(60, 2, 300, 1, 300, 38),
(61, 1, 300, 1, 300, 39),
(62, 2, 300, 1, 300, 39),
(63, 1, 300, 1, 300, 40),
(64, 2, 300, 1, 300, 40),
(65, 1, 300, 1, 300, 41),
(66, 2, 300, 1, 300, 41),
(67, 1, 300, 1, 300, 42),
(68, 2, 300, 1, 300, 42),
(69, 1, 300, 1, 300, 43),
(70, 2, 300, 1, 300, 43),
(71, 1, 300, 1, 300, 44),
(72, 2, 300, 1, 300, 44),
(73, 1, 300, 1, 300, 45),
(74, 2, 300, 1, 300, 45),
(75, 1, 300, 1, 300, 46),
(76, 2, 300, 1, 300, 46),
(77, 1, 300, 1, 300, 47),
(78, 2, 300, 1, 300, 47),
(79, 1, 300, 1, 300, 48),
(80, 2, 300, 1, 300, 48),
(81, 1, 300, 1, 300, 49),
(82, 2, 300, 1, 300, 49),
(83, 1, 300, 1, 300, 50),
(84, 2, 300, 1, 300, 50),
(85, 1, 300, 1, 300, 51),
(86, 2, 300, 1, 300, 51),
(87, 1, 300, 1, 300, 52),
(88, 2, 300, 1, 300, 52),
(89, 1, 300, 1, 300, 53),
(90, 2, 300, 1, 300, 53),
(91, 1, 300, 1, 300, 54),
(92, 2, 300, 1, 300, 54),
(93, 1, 300, 1, 300, 55),
(94, 2, 300, 1, 300, 55),
(95, 1, 300, 1, 300, 56),
(96, 2, 300, 1, 300, 56),
(97, 1, 300, 1, 300, 57),
(98, 2, 300, 1, 300, 57),
(99, 1, 300, 1, 300, 58),
(100, 2, 300, 1, 300, 58),
(101, 1, 300, 1, 300, 59),
(102, 2, 300, 1, 300, 59),
(103, 1, 300, 1, 300, 60),
(104, 2, 300, 1, 300, 60),
(105, 1, 300, 1, 300, 61),
(106, 2, 300, 1, 300, 61),
(107, 1, 300, 1, 300, 62),
(108, 2, 300, 1, 300, 62),
(109, 1, 300, 1, 300, 63),
(110, 2, 300, 1, 300, 63),
(111, 1, 300, 1, 300, 64),
(112, 2, 300, 1, 300, 64),
(113, 1, 300, 5, 1500, 65),
(114, 1, 300, 5, 1500, 66),
(115, 1, 300, 5, 1500, 67),
(116, 1, 300, 5, 1500, 68),
(117, 1, 300, 5, 1500, 69),
(118, 1, 5, 3, 15, 70),
(119, 1, 640.36, 1, 640.36, 70),
(120, 1, 500, 3, 1500, 70),
(121, 1, 58, 3, 174, 70),
(122, 1, 5, 3, 15, 71),
(123, 1, 640.36, 1, 640.36, 71),
(124, 1, 500, 3, 1500, 71),
(125, 1, 58, 3, 174, 71),
(126, 1, 58, 2, 116, 72),
(127, 1, 50.5, 3, 151.5, 73),
(128, 1, 640.36, 4, 2561.44, 73),
(129, 1, 500, 4, 2000, 74),
(130, 1, 500, 4, 2000, 75),
(131, 1, 50.5, 3, 151.5, 76),
(132, 1, 50.5, 3, 151.5, 77),
(133, 1, 123489, 5, 617445, 78),
(134, 1, 780.63, 3, 2341.89, 79),
(135, 1, 500, 3, 1500, 80),
(136, 1, 50.5, 3, 151.5, 81),
(137, 1, 500, 0.3, 150, 82),
(138, 1, 58, 3, 174, 83),
(139, 1, 500, 2, 1000, 84),
(140, 1, 640.36, 5, 3201.8, 84),
(141, 1, 58, 3, 174, 85),
(142, 1, 780.63, 3, 2341.89, 86),
(143, 1, 58, 5, 290, 87),
(144, 1, 58, 5, 290, 88),
(145, 1, 300, 1, 300, 89),
(146, 2, 300, 1, 300, 89),
(147, 1, 300, 1, 300, 90),
(148, 2, 300, 1, 300, 90),
(149, 1, 300, 1, 300, 91),
(150, 2, 300, 1, 300, 91),
(151, 1, 58, 5, 290, 92),
(152, 1, 50.5, 890, 44945, 93),
(153, 1, 123489, 89, 10990521, 93),
(154, 1, 50.5, 890, 44945, 94),
(155, 1, 780.63, 23, 17954.49, 95),
(156, 1, 500, 5, 2500, 96),
(157, 1, 500, 5, 2500, 97),
(158, 1, 58, 5, 290, 98);

-- --------------------------------------------------------

--
-- Table structure for table `order_main`
--

CREATE TABLE `order_main` (
  `id` int(11) NOT NULL,
  `customer_id` int(11) NOT NULL,
  `received_date` date NOT NULL,
  `received_time` varchar(30) NOT NULL,
  `delivery_date` date NOT NULL,
  `delivery_time` varchar(30) NOT NULL,
  `total` double NOT NULL,
  `advance` double NOT NULL,
  `available_balance` double NOT NULL
) ENGINE=InnoDB DEFAULT CHARSET=latin1 COLLATE=latin1_swedish_ci;

--
-- Dumping data for table `order_main`
--

INSERT INTO `order_main` (`id`, `customer_id`, `received_date`, `received_time`, `delivery_date`, `delivery_time`, `total`, `advance`, `available_balance`) VALUES
(14, 1, '2024-01-24', '12:30:45', '2024-01-26', '17:30:00', 600, 300, 300),
(15, 1, '2024-01-24', '12:30:45', '2024-01-26', '17:30:00', 600, 300, 300),
(16, 1, '2024-01-24', '12:30:45', '2024-01-26', '17:30:00', 600, 300, 300),
(17, 1, '2024-01-24', '12:30:45', '2024-01-26', '17:30:00', 600, 300, 300),
(18, 1, '2024-01-24', '12:30:45 AM', '2024-01-26', '17:30:00', 600, 300, 300),
(19, 1, '2024-01-24', '12:30:45 AM', '2024-01-26', '17:30:00', 600, 300, 300),
(20, 1, '2024-01-24', '12:30:45 AM', '2024-01-26', '17:30:00', 600, 300, 300),
(21, 1, '2024-01-24', '12:30:45 AM', '2024-01-26', '17:30:00', 600, 300, 300),
(22, 1, '2024-01-24', '12:30:45 AM', '2024-01-26', '17:30:00', 600, 300, 300),
(23, 1, '2024-01-24', '12:30:45 AM', '2024-01-26', '17:30:00', 600, 300, 300),
(24, 1, '2024-01-24', '12:30:45 AM', '2024-01-26', '17:30:00', 600, 300, 300),
(25, 1, '2024-01-24', '12:30:45 AM', '2024-01-26', '17:30:00', 600, 300, 300),
(26, 1, '2024-01-24', '12:30:45 AM', '2024-01-26', '17:30:00', 600, 300, 300),
(27, 1, '2024-01-24', '12:30:45 AM', '2024-01-26', '17:30:00', 600, 300, 300),
(28, 1, '2024-01-24', '12:30:45 AM', '2024-01-26', '17:30:00', 600, 300, 300),
(29, 1, '2024-01-24', '12:30:45 AM', '2024-01-26', '17:30:00', 600, 300, 300),
(30, 1, '2024-01-24', '12:30:45 AM', '2024-01-26', '17:30:00', 600, 300, 300),
(31, 1, '2024-01-24', '12:30:45 AM', '2024-01-26', '17:30:00', 600, 300, 300),
(32, 1, '2024-01-24', '12:30:45 AM', '2024-01-26', '17:30:00', 600, 300, 300),
(33, 1, '2024-01-24', '12:30:45 AM', '2024-01-26', '17:30:00', 600, 300, 300),
(34, 1, '2024-02-10', '09:30 PM', '2024-02-20', '05:30 PM', 600, 300, 300),
(35, 1, '2024-02-10', '09:30 PM', '2024-02-20', '05:30 PM', 600, 300, 300),
(36, 1, '2024-02-10', '09:30 PM', '2024-02-20', '05:30 PM', 600, 300, 300),
(37, 1, '2024-02-10', '09:30 PM', '2024-02-20', '05:30 PM', 600, 300, 300),
(38, 1, '2024-02-10', '09:30 PM', '2024-02-20', '05:30 PM', 600, 300, 300),
(39, 1, '2024-02-10', '09:30 PM', '2024-02-20', '05:30 PM', 600, 300, 300),
(40, 1, '2024-02-10', '09:30 PM', '2024-02-20', '05:30 PM', 600, 300, 300),
(41, 1, '2024-02-10', '09:30 PM', '2024-02-20', '05:30 PM', 600, 300, 300),
(42, 1, '2024-02-10', '09:30 PM', '2024-02-20', '05:30 PM', 600, 300, 300),
(43, 1, '2024-02-10', '09:30 PM', '2024-02-20', '05:30 PM', 600, 300, 300),
(44, 1, '2024-02-10', '09:30 PM', '2024-02-20', '05:30 PM', 600, 300, 300),
(45, 1, '2024-02-10', '09:30 PM', '2024-02-20', '05:30 PM', 600, 300, 300),
(46, 1, '2024-02-10', '09:30 PM', '2024-02-20', '05:30 PM', 600, 300, 300),
(47, 1, '2024-02-10', '09:30 PM', '2024-02-20', '05:30 PM', 600, 300, 300),
(48, 1, '2024-02-10', '09:30 PM', '2024-02-20', '05:30 PM', 600, 300, 300),
(49, 1, '2024-02-10', '09:30 PM', '2024-02-20', '05:30 PM', 600, 300, 300),
(50, 1, '2024-02-10', '09:30 PM', '2024-02-20', '05:30 PM', 600, 300, 300),
(51, 1, '2024-02-10', '09:30 PM', '2024-02-20', '05:30 PM', 600, 300, 300),
(52, 1, '2024-02-10', '09:30 PM', '2024-02-20', '05:30 PM', 600, 300, 300),
(53, 1, '2024-02-10', '09:30 PM', '2024-02-20', '05:30 PM', 600, 300, 300),
(54, 1, '2024-02-10', '09:30 PM', '2024-02-20', '05:30 PM', 600, 300, 300),
(55, 1, '2024-02-10', '09:30 PM', '2024-02-20', '05:30 PM', 600, 300, 300),
(56, 1, '2024-02-10', '09:30 PM', '2024-02-20', '05:30 PM', 600, 300, 300),
(57, 1, '2024-02-10', '09:30 PM', '2024-02-20', '05:30 PM', 600, 300, 300),
(58, 1, '2024-02-10', '09:30 PM', '2024-02-20', '05:30 PM', 600, 300, 300),
(59, 1, '2024-02-10', '09:30 PM', '2024-02-20', '05:30 PM', 600, 300, 300),
(60, 1, '2024-02-10', '09:30 PM', '2024-02-20', '05:30 PM', 600, 300, 300),
(61, 1, '2024-02-10', '09:30 PM', '2024-02-20', '05:30 PM', 600, 300, 300),
(62, 1, '2024-02-10', '09:30 PM', '2024-02-20', '05:30 PM', 600, 300, 300),
(63, 1, '2024-02-10', '09:30 PM', '2024-02-20', '05:30 PM', 600, 300, 300),
(64, 1, '2024-02-10', '09:30 PM', '2024-02-20', '05:30 PM', 600, 300, 300),
(65, 4, '2024-02-10', '12:09:23 AM', '2024-02-13', '03:00', 1500, 500, 1000),
(66, 4, '2024-02-10', '12:09:23 AM', '2024-02-13', '03:00', 1500, 500, 1000),
(67, 4, '2024-02-10', '12:10:19 AM', '2024-02-13', '03:00', 1500, 500, 1000),
(68, 4, '2024-02-10', '12:10:20 AM', '2024-02-13', '03:00', 1500, 500, 1000),
(69, 4, '2024-02-10', '12:10:34 AM', '2024-02-13', '03:00', 1500, 500, 1000),
(70, 1, '2024-02-10', '5:26:39 PM', '2024-02-16', '05:26', 2329.36, 345, 1984.36),
(71, 1, '2024-02-10', '5:27:44 PM', '2024-02-16', '05:26', 2329.36, 345, 1984.36),
(72, 1, '2024-12-02', '9:56:54 PM', '2024-02-21', '21:57', 116, 34, 82),
(73, 1, '2024-02-12', '10:12:21 PM', '2024-02-15', '22:15', 2712.94, 89, 2623.94),
(74, 1, '2024-02-12', '11:18:45 PM', '2024-02-15', '23:22', 2000, 1234, 766),
(75, 1, '2024-02-12', '11:19:54 PM', '2024-02-15', '23:22', 2000, 1234, 766),
(76, 1, '2024-02-12', '11:26:00 PM', '2024-02-23', '23:29', 151.5, 150, 1.5),
(77, 1, '2024-02-12', '11:34:46 PM', '2024-02-27', '00:00', 151.5, 2, 149.5),
(78, 1, '2024-02-13', '10:31:36 AM', '2024-02-07', '10:33', 617445, 789, 616656),
(79, 28, '2024-02-13', '2:49:16 PM', '2024-02-21', '18:51', 2341.89, 0, 2341.89),
(80, 7, '2024-02-13', '2:51:34 PM', '2024-02-20', '14:54', 1500, 34, 1466),
(81, 28, '2024-02-13', '2:54:04 PM', '2024-02-21', '14:56', 151.5, 23, 128.5),
(82, 26, '2024-02-13', '2:56:56 PM', '2024-02-16', '14:59', 150, 0.33333, 149.67),
(83, 28, '2024-02-13', '3:02:20 PM', '2024-02-22', '15:05', 174, 23, 151),
(84, 1, '2024-02-13', '9:17:42 PM', '2024-02-16', '11:16', 4201.8, 10, 4191.8),
(85, 28, '2024-02-13', '10:33:28 PM', '2024-02-14', '12:33', 174, 34, 140),
(86, 28, '2024-02-13', '10:37:04 PM', '2024-02-07', '22:38', 2341.89, 0, 2341.89),
(87, 1, '2024-02-13', '10:53:10 PM', '2024-02-14', '14:54', 290, 200, 90),
(88, 1, '2024-02-13', '11:00:33 PM', '2024-02-14', '23:00', 290, 290, 0),
(89, 1, '2024-02-10', '09:30 PM', '2024-02-20', '05:30 PM', 600, 300, 300),
(90, 1, '2024-02-10', '09:30 PM', '2024-02-20', '05:30 PM', 600, 300, 300),
(91, 1, '2024-02-10', '09:30 PM', '2024-02-20', '05:30 PM', 600, 300, 300),
(92, 1, '2024-02-13', '11:09:26 PM', '2024-02-22', '01:09', 290, 200, 90),
(93, 12, '2024-02-13', '11:27:40 PM', '2024-02-22', '23:28', 11035466, 1234567890, -1223532424),
(94, 12, '2024-02-13', '11:27:41 PM', '2024-02-22', '23:28', 11035466, 1234567890, -1223532424),
(95, 1, '2024-02-14', '10:48:11 AM', '2024-02-16', '10:49', 17954.49, 0, 17954.49),
(96, 1, '2024-02-14', '10:50:16 AM', '2024-02-19', '10:53', 2500, 0, 2500),
(97, 1, '2024-02-14', '10:50:29 AM', '2024-02-19', '10:53', 2500, 0, 2500),
(98, 1, '2024-02-14', '12:03:08 PM', '2024-02-15', '13:03', 290, 200, 90);

-- --------------------------------------------------------

--
-- Table structure for table `user`
--

CREATE TABLE `user` (
  `id` int(11) NOT NULL,
  `username` varchar(100) NOT NULL,
  `password` varchar(300) NOT NULL
) ENGINE=InnoDB DEFAULT CHARSET=latin1 COLLATE=latin1_swedish_ci;

--
-- Dumping data for table `user`
--

INSERT INTO `user` (`id`, `username`, `password`) VALUES
(1, 'Bhanuka', '5f4dcc3b5aa765d61d8327deb882cf99');

--
-- Indexes for dumped tables
--

--
-- Indexes for table `category`
--
ALTER TABLE `category`
  ADD PRIMARY KEY (`id`);

--
-- Indexes for table `customer`
--
ALTER TABLE `customer`
  ADD PRIMARY KEY (`id`),
  ADD UNIQUE KEY `mobile` (`mobile`);

--
-- Indexes for table `order_details`
--
ALTER TABLE `order_details`
  ADD PRIMARY KEY (`id`),
  ADD KEY `order_details_ibfk_1` (`category_id`),
  ADD KEY `order_details_ibfk_2` (`order_main_id`);

--
-- Indexes for table `order_main`
--
ALTER TABLE `order_main`
  ADD PRIMARY KEY (`id`),
  ADD KEY `order_main_ibfk_1` (`customer_id`);

--
-- Indexes for table `user`
--
ALTER TABLE `user`
  ADD PRIMARY KEY (`id`);

--
-- AUTO_INCREMENT for dumped tables
--

--
-- AUTO_INCREMENT for table `category`
--
ALTER TABLE `category`
  MODIFY `id` int(11) NOT NULL AUTO_INCREMENT, AUTO_INCREMENT=8;

--
-- AUTO_INCREMENT for table `customer`
--
ALTER TABLE `customer`
  MODIFY `id` int(11) NOT NULL AUTO_INCREMENT, AUTO_INCREMENT=30;

--
-- AUTO_INCREMENT for table `order_details`
--
ALTER TABLE `order_details`
  MODIFY `id` int(11) NOT NULL AUTO_INCREMENT, AUTO_INCREMENT=159;

--
-- AUTO_INCREMENT for table `order_main`
--
ALTER TABLE `order_main`
  MODIFY `id` int(11) NOT NULL AUTO_INCREMENT, AUTO_INCREMENT=99;

--
-- AUTO_INCREMENT for table `user`
--
ALTER TABLE `user`
  MODIFY `id` int(11) NOT NULL AUTO_INCREMENT, AUTO_INCREMENT=2;

--
-- Constraints for dumped tables
--

--
-- Constraints for table `order_details`
--
ALTER TABLE `order_details`
  ADD CONSTRAINT `order_details_ibfk_1` FOREIGN KEY (`category_id`) REFERENCES `category` (`id`) ON UPDATE CASCADE,
  ADD CONSTRAINT `order_details_ibfk_2` FOREIGN KEY (`order_main_id`) REFERENCES `order_main` (`id`) ON DELETE CASCADE ON UPDATE CASCADE;

--
-- Constraints for table `order_main`
--
ALTER TABLE `order_main`
  ADD CONSTRAINT `order_main_ibfk_1` FOREIGN KEY (`customer_id`) REFERENCES `customer` (`id`) ON UPDATE CASCADE;
COMMIT;

/*!40101 SET CHARACTER_SET_CLIENT=@OLD_CHARACTER_SET_CLIENT */;
/*!40101 SET CHARACTER_SET_RESULTS=@OLD_CHARACTER_SET_RESULTS */;
/*!40101 SET COLLATION_CONNECTION=@OLD_COLLATION_CONNECTION */;
